<?xml version="1.0" encoding="UTF-8"?>
<XMI verified="false" xmi.version="1.2" timestamp="2018-10-12T09:17:29" xmlns:UML="http://schema.omg.org/spec/UML/1.3">
 <XMI.header>
  <XMI.documentation>
   <XMI.exporter>umbrello uml modeller http://uml.sf.net</XMI.exporter>
   <XMI.exporterVersion>1.6.1</XMI.exporterVersion>
   <XMI.exporterEncoding>UnicodeUTF8</XMI.exporterEncoding>
  </XMI.documentation>
  <XMI.metamodel xmi.version="1.3" href="UML.xml" xmi.name="UML"/>
 </XMI.header>
 <XMI.content>
  <UML:Model isSpecification="false" isAbstract="false" isLeaf="false" xmi.id="m1" isRoot="false" name="UML Model">
   <UML:Namespace.ownedElement>
    <UML:Stereotype visibility="public" isSpecification="false" namespace="m1" isAbstract="false" isLeaf="false" isRoot="false" xmi.id="folder" name="folder"/>
    <UML:Stereotype visibility="public" isSpecification="false" namespace="m1" isAbstract="false" isLeaf="false" isRoot="false" xmi.id="datatype" name="datatype"/>
    <UML:Model stereotype="folder" visibility="public" isSpecification="false" namespace="m1" isAbstract="false" isLeaf="false" isRoot="false" xmi.id="Logical View" name="Logical View">
     <UML:Namespace.ownedElement>
      <UML:Package stereotype="folder" visibility="public" isSpecification="false" namespace="Logical View" isAbstract="false" isLeaf="false" isRoot="false" xmi.id="Datatypes" name="Datatypes">
       <UML:Namespace.ownedElement>
        <UML:DataType stereotype="datatype" visibility="public" isSpecification="false" namespace="Datatypes" isAbstract="false" isLeaf="false" isRoot="false" xmi.id="33FRe65T7em8" name="int"/>
        <UML:DataType stereotype="datatype" visibility="public" isSpecification="false" namespace="Datatypes" isAbstract="false" isLeaf="false" isRoot="false" xmi.id="BcC1vDaoNaIg" name="char"/>
        <UML:DataType stereotype="datatype" visibility="public" isSpecification="false" namespace="Datatypes" isAbstract="false" isLeaf="false" isRoot="false" xmi.id="tLsVxphyswOU" name="bool"/>
        <UML:DataType stereotype="datatype" visibility="public" isSpecification="false" namespace="Datatypes" isAbstract="false" isLeaf="false" isRoot="false" xmi.id="2Ty77kDHLPGG" name="float"/>
        <UML:DataType stereotype="datatype" visibility="public" isSpecification="false" namespace="Datatypes" isAbstract="false" isLeaf="false" isRoot="false" xmi.id="cq2zOKdGdVlY" name="double"/>
        <UML:DataType stereotype="datatype" visibility="public" isSpecification="false" namespace="Datatypes" isAbstract="false" isLeaf="false" isRoot="false" xmi.id="KQXBKvfLOdQU" name="short"/>
        <UML:DataType stereotype="datatype" visibility="public" isSpecification="false" namespace="Datatypes" isAbstract="false" isLeaf="false" isRoot="false" xmi.id="Melh1zvepxbB" name="long"/>
        <UML:DataType stereotype="datatype" visibility="public" isSpecification="false" namespace="Datatypes" isAbstract="false" isLeaf="false" isRoot="false" xmi.id="FFRqiBO3ZvEs" name="unsigned int"/>
        <UML:DataType stereotype="datatype" visibility="public" isSpecification="false" namespace="Datatypes" isAbstract="false" isLeaf="false" isRoot="false" xmi.id="otBBVbfrDOWF" name="unsigned short"/>
        <UML:DataType stereotype="datatype" visibility="public" isSpecification="false" namespace="Datatypes" isAbstract="false" isLeaf="false" isRoot="false" xmi.id="NPrAKQLXdlNM" name="unsigned long"/>
        <UML:DataType stereotype="datatype" visibility="public" isSpecification="false" namespace="Datatypes" isAbstract="false" isLeaf="false" isRoot="false" xmi.id="wjNTfbLRSWcx" name="string"/>
       </UML:Namespace.ownedElement>
      </UML:Package>
     </UML:Namespace.ownedElement>
     <XMI.extension xmi.extender="umbrello">
      <diagrams>
       <diagram showopsig="1" linecolor="#ff0000" snapx="25" showattribassocs="1" snapy="25" linewidth="0" showattsig="1" textcolor="#000000" isopen="1" showpackage="1" showpubliconly="1" showstereotype="1" name="class diagram" font="Sans Serif,10,-1,5,50,0,0,0,0,0" canvasheight="0" canvaswidth="0" localid="-1" snapcsgrid="0" showgrid="0" showops="1" griddotcolor="#d3d3d3" backgroundcolor="#ffffff" usefillcolor="1" fillcolor="#ffff00" zoom="100" xmi.id="vA0ULL5CcezB" documentation="" showscope="1" snapgrid="0" showatts="1" type="1">
        <widgets/>
        <messages/>
        <associations/>
       </diagram>
       <diagram showopsig="1" linecolor="#ff0000" snapx="25" showattribassocs="1" snapy="25" linewidth="0" showattsig="1" textcolor="#000000" isopen="1" showpackage="1" showpubliconly="1" showstereotype="1" name="diagrama de estados reporte asistencia" font="Sans Serif,10,-1,5,50,0,0,0,0,0" canvasheight="323" canvaswidth="1087" localid="-1" snapcsgrid="0" showgrid="0" showops="1" griddotcolor="#d3d3d3" backgroundcolor="#ffffff" usefillcolor="1" fillcolor="#ffff00" zoom="100" xmi.id="6FoJdIW0hLA1" documentation="" showscope="1" snapgrid="0" showatts="1" type="5">
        <widgets>
         <statewidget linecolor="none" usesdiagramfillcolor="0" linewidth="0" textcolor="#000000" usesdiagramusefillcolor="0" x="-698" showstereotype="1" y="26" font="Sans Serif,10,-1,5,50,0,0,0,0,0" statename="State" statetype="0" width="10" isinstance="0" usefillcolor="1" fillcolor="#ffff00" xmi.id="mUWNFtj9d6cG" documentation="" height="10">
          <Activities/>
         </statewidget>
         <statewidget linecolor="none" usesdiagramfillcolor="0" linewidth="0" textcolor="#000000" usesdiagramusefillcolor="0" x="256" showstereotype="1" y="13" font="Sans Serif,10,-1,5,50,0,0,0,0,0" statename="State" statetype="2" width="10" isinstance="0" usefillcolor="1" fillcolor="#ffff00" xmi.id="fyf8SI5YXsq9" documentation="" height="10">
          <Activities/>
         </statewidget>
         <statewidget linecolor="none" usesdiagramfillcolor="0" linewidth="0" textcolor="#000000" usesdiagramusefillcolor="0" x="-518" showstereotype="1" y="19" font="Sans Serif,10,-1,5,75,0,0,0,0,0" statename="periodo seleccionado" statetype="1" width="144" isinstance="0" usefillcolor="1" fillcolor="#ffff00" xmi.id="AM9qiIpSmMp1" documentation="" height="27">
          <Activities/>
         </statewidget>
         <floatingtext linecolor="none" usesdiagramfillcolor="0" linewidth="0" textcolor="#000000" usesdiagramusefillcolor="0" x="-676" showstereotype="1" y="4" text="seleccionando periodo" font="Sans Serif,10,-1,5,50,0,0,0,0,0" pretext="" role="700" width="137" isinstance="0" posttext="" usefillcolor="1" fillcolor="#ffff00" xmi.id="DXAqbk4HgkN9" height="21"/>
         <statewidget linecolor="none" usesdiagramfillcolor="0" linewidth="0" textcolor="#000000" usesdiagramusefillcolor="0" x="-214" showstereotype="1" y="8" font="Sans Serif,10,-1,5,75,0,0,0,0,0" statename="usuarios seleccionados" statetype="1" width="157" isinstance="0" usefillcolor="1" fillcolor="#ffff00" xmi.id="0ShVIVeRsoHY" documentation="" height="27">
          <Activities/>
         </statewidget>
         <floatingtext linecolor="none" usesdiagramfillcolor="0" linewidth="0" textcolor="#000000" usesdiagramusefillcolor="0" x="-370" showstereotype="1" y="-3" text="seleccionando usuarios" font="Sans Serif,10,-1,5,50,0,0,0,0,0" pretext="" role="700" width="144" isinstance="0" posttext="" usefillcolor="1" fillcolor="#ffff00" xmi.id="660qQnreKzSw" height="21"/>
         <statewidget linecolor="none" usesdiagramfillcolor="0" linewidth="0" textcolor="#000000" usesdiagramusefillcolor="0" x="-300" showstereotype="1" y="20" font="Sans Serif,10,-1,5,50,0,0,0,0,0" statename="State" statetype="8" width="25" isinstance="0" usefillcolor="1" fillcolor="#ffff00" xmi.id="hVBODYXDyCiF" documentation="" height="25">
          <Activities/>
         </statewidget>
         <floatingtext linecolor="none" usesdiagramfillcolor="0" linewidth="0" textcolor="#000000" usesdiagramusefillcolor="0" x="-344" showstereotype="1" y="126" text="Si no se selecciona usuarios se toman a todos" font="Sans Serif,10,-1,5,50,0,0,0,0,0" pretext="" role="700" width="280" isinstance="0" posttext="" usefillcolor="1" fillcolor="#ffff00" xmi.id="iNgY9x6D141Q" height="21"/>
         <statewidget linecolor="none" usesdiagramfillcolor="0" linewidth="0" textcolor="#000000" usesdiagramusefillcolor="0" x="67" showstereotype="1" y="6" font="Sans Serif,10,-1,5,75,0,0,0,0,0" statename="Reporte generado" statetype="1" width="121" isinstance="0" usefillcolor="1" fillcolor="#ffff00" xmi.id="rs2ApU4WxDuA" documentation="" height="27">
          <Activities/>
         </statewidget>
         <floatingtext linecolor="none" usesdiagramfillcolor="0" linewidth="0" textcolor="#000000" usesdiagramusefillcolor="0" x="-57" showstereotype="1" y="-2" text="generando reporte" font="Sans Serif,10,-1,5,50,0,0,0,0,0" pretext="" role="700" width="112" isinstance="0" posttext="" usefillcolor="1" fillcolor="#ffff00" xmi.id="lPNhc4wIPaqW" height="21"/>
         <boxwidget width="1000" showstereotype="1" x="-710" usesdiagramusefillcolor="0" y="-67" usesdiagramfillcolor="0" isinstance="0" fillcolor="#ffff00" height="241" linecolor="#000000" xmi.id="VujVwkvnaxvN" textcolor="#000000" usefillcolor="1" linewidth="0" font="Sans Serif,10,-1,5,50,0,0,0,0,0"/>
         <floatingtext linecolor="none" usesdiagramfillcolor="0" linewidth="0" textcolor="#000000" usesdiagramusefillcolor="0" x="-708" showstereotype="1" y="-66" text="generar reporte" font="Sans Serif,10,-1,5,50,0,0,0,0,0" pretext="" role="700" width="95" isinstance="0" posttext="" usefillcolor="1" fillcolor="#ffff00" xmi.id="PzrNCkVv9tbj" height="21"/>
        </widgets>
        <messages/>
        <associations>
         <assocwidget roleBdoc="" linecolor="none" indexa="1" usesdiagramfillcolor="0" widgetbid="AM9qiIpSmMp1" indexb="1" linewidth="none" textcolor="none" usesdiagramusefillcolor="0" totalcounta="2" totalcountb="2" widgetaid="mUWNFtj9d6cG" roleAdoc="" visibilityA="0" visibilityB="0" usefillcolor="0" fillcolor="#000000" changeabilityA="900" changeabilityB="900" documentation="" type="514">
          <linepath>
           <startpoint startx="-688" starty="30"/>
           <endpoint endx="-518" endy="31"/>
           <point x="-679" y="30"/>
           <point x="-541" y="31"/>
          </linepath>
         </assocwidget>
         <assocwidget roleBdoc="" linecolor="none" indexa="1" usesdiagramfillcolor="64" widgetbid="hVBODYXDyCiF" indexb="1" linewidth="none" textcolor="none" usesdiagramusefillcolor="0" totalcounta="2" totalcountb="2" widgetaid="AM9qiIpSmMp1" roleAdoc="" visibilityA="0" visibilityB="0" usefillcolor="0" fillcolor="none" changeabilityA="900" changeabilityB="900" documentation="" type="514">
          <linepath>
           <startpoint startx="-374" starty="35"/>
           <endpoint endx="-300" endy="35"/>
          </linepath>
         </assocwidget>
         <assocwidget roleBdoc="" linecolor="none" indexa="1" usesdiagramfillcolor="64" widgetbid="0ShVIVeRsoHY" indexb="1" linewidth="none" textcolor="none" usesdiagramusefillcolor="0" totalcounta="2" totalcountb="2" widgetaid="hVBODYXDyCiF" roleAdoc="" visibilityA="0" visibilityB="0" usefillcolor="0" fillcolor="none" changeabilityA="900" changeabilityB="900" documentation="" type="514">
          <linepath>
           <startpoint startx="-290" starty="45"/>
           <endpoint endx="-125" endy="35"/>
           <point x="-290" y="125"/>
           <point x="-235" y="126"/>
           <point x="-125" y="127"/>
           <point x="-125" y="55"/>
          </linepath>
         </assocwidget>
         <assocwidget roleBdoc="" linecolor="none" indexa="1" usesdiagramfillcolor="0" widgetbid="0ShVIVeRsoHY" indexb="1" linewidth="none" textcolor="none" usesdiagramusefillcolor="248" totalcounta="2" totalcountb="2" widgetaid="hVBODYXDyCiF" roleAdoc="" visibilityA="0" visibilityB="0" usefillcolor="0" fillcolor="#000000" changeabilityA="900" changeabilityB="900" documentation="" type="514">
          <linepath>
           <startpoint startx="-275" starty="35"/>
           <endpoint endx="-214" endy="35"/>
          </linepath>
         </assocwidget>
         <assocwidget roleBdoc="" linecolor="none" indexa="1" usesdiagramfillcolor="64" widgetbid="rs2ApU4WxDuA" indexb="1" linewidth="none" textcolor="none" usesdiagramusefillcolor="0" totalcounta="2" totalcountb="2" widgetaid="0ShVIVeRsoHY" roleAdoc="" visibilityA="0" visibilityB="0" usefillcolor="0" fillcolor="none" changeabilityA="900" changeabilityB="900" documentation="" type="514">
          <linepath>
           <startpoint startx="-57" starty="21"/>
           <endpoint endx="67" endy="21"/>
          </linepath>
         </assocwidget>
         <assocwidget roleBdoc="" linecolor="none" indexa="1" usesdiagramfillcolor="64" widgetbid="fyf8SI5YXsq9" indexb="1" linewidth="none" textcolor="none" usesdiagramusefillcolor="0" totalcounta="2" totalcountb="2" widgetaid="rs2ApU4WxDuA" roleAdoc="" visibilityA="0" visibilityB="0" usefillcolor="0" fillcolor="none" changeabilityA="900" changeabilityB="900" documentation="" type="514">
          <linepath>
           <startpoint startx="188" starty="18"/>
           <endpoint endx="256" endy="18"/>
          </linepath>
         </assocwidget>
        </associations>
       </diagram>
       <diagram showopsig="1" linecolor="#ff0000" snapx="25" showattribassocs="1" snapy="25" linewidth="0" showattsig="1" textcolor="#000000" isopen="1" showpackage="1" showpubliconly="1" showstereotype="1" name="diagrama de secuencia asistencia" font="Sans Serif,10,-1,5,50,0,0,0,0,0" canvasheight="0" canvaswidth="0" localid="-1" snapcsgrid="0" showgrid="0" showops="1" griddotcolor="#d3d3d3" backgroundcolor="#ffffff" usefillcolor="1" fillcolor="#ffff00" zoom="100" xmi.id="vVzK6nqbhX4d" documentation="" showscope="1" snapgrid="0" showatts="1" type="3">
        <widgets/>
        <messages/>
        <associations/>
       </diagram>
      </diagrams>
     </XMI.extension>
    </UML:Model>
    <UML:Model stereotype="folder" visibility="public" isSpecification="false" namespace="m1" isAbstract="false" isLeaf="false" isRoot="false" xmi.id="Use Case View" name="Use Case View">
     <UML:Namespace.ownedElement/>
    </UML:Model>
    <UML:Model stereotype="folder" visibility="public" isSpecification="false" namespace="m1" isAbstract="false" isLeaf="false" isRoot="false" xmi.id="Component View" name="Component View">
     <UML:Namespace.ownedElement/>
    </UML:Model>
    <UML:Model stereotype="folder" visibility="public" isSpecification="false" namespace="m1" isAbstract="false" isLeaf="false" isRoot="false" xmi.id="Deployment View" name="Deployment View">
     <UML:Namespace.ownedElement/>
    </UML:Model>
    <UML:Model stereotype="folder" visibility="public" isSpecification="false" namespace="m1" isAbstract="false" isLeaf="false" isRoot="false" xmi.id="Entity Relationship Model" name="Entity Relationship Model">
     <UML:Namespace.ownedElement/>
    </UML:Model>
   </UML:Namespace.ownedElement>
  </UML:Model>
 </XMI.content>
 <XMI.extensions xmi.extender="umbrello">
  <docsettings viewid="vVzK6nqbhX4d" uniqueid="vVzK6nqbhX4d" documentation=""/>
  <listview>
   <listitem open="1" type="800" id="Views">
    <listitem open="1" type="821" id="Component View"/>
    <listitem open="1" type="827" id="Deployment View"/>
    <listitem open="1" type="836" id="Entity Relationship Model"/>
    <listitem open="1" type="801" id="Logical View">
     <listitem open="0" type="807" id="vA0ULL5CcezB" label="class diagram"/>
     <listitem open="0" type="830" id="Datatypes">
      <listitem open="1" type="829" id="tLsVxphyswOU"/>
      <listitem open="1" type="829" id="BcC1vDaoNaIg"/>
      <listitem open="1" type="829" id="cq2zOKdGdVlY"/>
      <listitem open="1" type="829" id="2Ty77kDHLPGG"/>
      <listitem open="1" type="829" id="33FRe65T7em8"/>
      <listitem open="1" type="829" id="Melh1zvepxbB"/>
      <listitem open="1" type="829" id="KQXBKvfLOdQU"/>
      <listitem open="1" type="829" id="wjNTfbLRSWcx"/>
      <listitem open="1" type="829" id="FFRqiBO3ZvEs"/>
      <listitem open="1" type="829" id="NPrAKQLXdlNM"/>
      <listitem open="1" type="829" id="otBBVbfrDOWF"/>
     </listitem>
     <listitem open="0" type="808" id="6FoJdIW0hLA1" label="diagrama de estados reporte asistencia"/>
     <listitem open="0" type="810" id="vVzK6nqbhX4d" label="diagrama de secuencia asistencia"/>
    </listitem>
    <listitem open="1" type="802" id="Use Case View"/>
   </listitem>
  </listview>
  <codegeneration>
   <codegenerator language="PHP5"/>
  </codegeneration>
 </XMI.extensions>
</XMI>
